sweb.eval.x86_64.django__django-11099	sha256:5675930658367eb867bcb4d2a8ae60b9ac651d4712643b11f6bb90051263edbb	1285922986
sweb.eval.x86_64.django__django-13128	sha256:8026fa5d5053a95e13e83145faeef275c74f6772094eae2427797935c9b4499e	1287148396
sweb.eval.x86_64.django__django-13158	sha256:ec615d4d7e41301f86a8b86d72b7289567435ad442a9733635e940791af4a1be	1287194026
sweb.eval.x86_64.django__django-13195	sha256:fa36725642349f386960ae43b27e70b011cbef22dd734b5b973e38ce3f8537dd	1287132963
sweb.eval.x86_64.django__django-13212	sha256:4c7111e981fba64d09f991c103ed82b9c27a304960d06c1f730918dcdb36a306	1287174390
sweb.eval.x86_64.django__django-13279	sha256:518a1a32d482ad57099f24513ed931e6dd3639f87d06bef6cdc9e62130c53f32	1287373136
sweb.eval.x86_64.django__django-13297	sha256:7ffe9995c016fc71089176ff4a9e7cf82f6380d74b403cc39982154b4e2ad182	1287366728
sweb.eval.x86_64.django__django-13315	sha256:e592c0bd903d34b3d5f6abfb969b8096b838f9b5cbe417075a5ca3be344dee6b	1287431774
sweb.eval.x86_64.django__django-13343	sha256:274d398615345622900e0d59fb874643a4db3af69c676c4aa6556237f28c651b	1287391932
sweb.eval.x86_64.django__django-13344	sha256:d380a14909a633576fb82952911001d0b38546f906aa485ed1ff5c19f26bc76d	1287416756
sweb.eval.x86_64.django__django-13346	sha256:95dc0c76c02e1bf0ef64ce97447716ac4c34cb0f302a4707f1d7edcbcc3aecd3	1287376792
sweb.eval.x86_64.django__django-13363	sha256:59c49b695694f081791d1d6f653ef44e1e86953f031d24933113fe2b42b6c52d	1287383409
sweb.eval.x86_64.django__django-13401	sha256:e234b2629da0436de2fe869e41b91d5386cf42cf114c1a9327daa5e64b1e7ba6	1287369341
sweb.eval.x86_64.django__django-13406	sha256:3c588050f8c15fdfb39cae141cd78d7c4f2c96dc005de051d229ad5a5f2d4286	1287401533
sweb.eval.x86_64.django__django-13410	sha256:d538640e91cd99f2b6dc0118d5981a933a1e35d37189c03f8ad37db296d31c0c	1287380608
sweb.eval.x86_64.django__django-13417	sha256:27d6a35a4d26e1b7e4c1f5d615cb76e1353941a763dae4c805d0e3a94dbf79dd	1287475762
sweb.eval.x86_64.django__django-13449	sha256:6f63e5f043910ff7d90b3b79cd8ba516e2833326fcd89a90f28c0174cbc0012f	1287377618
sweb.eval.x86_64.django__django-13512	sha256:39c734e3a0ffecf9c1e22ad511ab9025dbaf4c877e7933f85ca3ef69e3197f84	1287401758
sweb.eval.x86_64.django__django-13513	sha256:bf824d717fde4d924bfb02e4cbdae6131a27e71afd1dda7842d2f1f72758c5b3	1287374022
sweb.eval.x86_64.django__django-13516	sha256:61b40ed5a79237e0a96bc45405e36328a308f4662c09b9004306c12bb196177c	1287383840
sweb.eval.x86_64.django__django-13551	sha256:e62f1d4a35cb7440a183273dad00cdfb5d9ed7073c7f4156f1316b282fa4facd	1287386476
sweb.eval.x86_64.django__django-13568	sha256:c256c8b5e840edf47a19e68d2909edab99cd89fd42d6546ee3bf2ec4e39f548e	1287395483
sweb.eval.x86_64.django__django-13569	sha256:0657879c718b7ddf7172bd0e992ccc8887be961d65737b7551aa880eaf504833	1287375503
sweb.eval.x86_64.django__django-13590	sha256:80ce7c1ea00bdd8eb738682b21dbb1aa1dc6f40e8eed62dc7e00c8c2b01b4656	1287483686
sweb.eval.x86_64.django__django-13658	sha256:348562599acd49a73183051a96aa689e6db881756a59fa407223901a0183b690	1287416637
sweb.eval.x86_64.django__django-13670	sha256:0cb1f5a95285082d9df5c20d0a2b114135a3049ba422e438395032770bb80a98	1287390451
sweb.eval.x86_64.django__django-13741	sha256:4a67e5e2f31ccfa417a050f2f03daa766f8db4ec14abc97582eb4bed4e902cd5	1287428283
sweb.eval.x86_64.django__django-13786	sha256:8317aaf95009fabf38ced22d6c5fcc69c6893032da11554b33aa2d8e1cb6a533	1287432389
sweb.eval.x86_64.django__django-13794	sha256:d2bd4c4705de10260431efaccee9b47972ce7dd1735e9582ce49ecf61ead509c	1287423697
sweb.eval.x86_64.django__django-13807	sha256:b9a6f719bc1a693e657d37ce526be4dc8e29dc8375e63a496fefc83599232095	1287404142
sweb.eval.x86_64.django__django-13809	sha256:19e6c080d94709809f563e32d19a709fde229afd0ea811b700de96e9bdba9d9f	1319754541
sweb.eval.x86_64.django__django-13810	sha256:1b7f4f6f1f380738a203956b113581b9e78ea2b719a7b8479084bf2685f31f3b	1287413629
sweb.eval.x86_64.django__django-13820	sha256:83f1a1784121b05321d2703fb7f97dd3f345b065084061006feb5d094b76d789	1287391852
sweb.eval.x86_64.django__django-13821	sha256:eb0bfa179fb249edd443edcef73e9a7c1e2781b2d919764a8af548cbe0c4c0a9	1287417185
sweb.eval.x86_64.django__django-13837	sha256:545325c23f86dc8fc6f29b735fd471de81f7eeca3dae5d728a3b9e6b78cbb664	1287402961
sweb.eval.x86_64.django__django-13925	sha256:c5eb08622c68096b7782989ef894c4620c538e6aa3ed3a0e142d2e99a07f4e2a	1319721644
sweb.eval.x86_64.django__django-13933	sha256:8298fae3697291ca26da1319fc8786ae8eafc71fc065390e56f5f9148906aed9	1319732048
sweb.eval.x86_64.django__django-13964	sha256:5b741efef2325a79b298c5b75ee3603a5d472fd31a7cb90189d22454708ecf3f	1319833801
sweb.eval.x86_64.django__django-14007	sha256:05f4290c1c01d9fb77e4c21312f5fe339e9dd27a201e80a564fd5a3f5d1e8d25	1320100820
sweb.eval.x86_64.django__django-14011	sha256:cac8683945bc3d745e05d7a11a59cd4e80bafcba91a92b8fab559d2fd86e12ef	1320109771
sweb.eval.x86_64.django__django-14017	sha256:184271973ed727420e3642585dc43e1b2df95706148ebea878b4f2e9e4242306	1320004191
sweb.eval.x86_64.django__django-14034	sha256:85c9f9743d13072d4520fabef13e470f8531faacf6f0cb56cae6637b3207cff1	1320111834
sweb.eval.x86_64.django__django-14053	sha256:52773169d0d914a56b993d8598f46c7dd759a97cfe9a27a3700881d3f0e9778b	1320015439
sweb.eval.x86_64.django__django-14089	sha256:c0fd03bf26771e45453d6577d3555478ccbc573717e14bc403d6375d18d5c10f	1320013096
sweb.eval.x86_64.django__django-14122	sha256:0f470a239569eff4a7cc2d6f1ed4cfeb7502ba398b1ce2bdf4157d129e423b7b	1320048464
sweb.eval.x86_64.django__django-14140	sha256:3f644909d8087657bf49a9c57eacc9e69db49a1f18bd4a01842aa4178d4841de	1320021825
sweb.eval.x86_64.django__django-14155	sha256:d2b96d6e49d103785fcc3470edad5833309755595638f66d1e938f6c410d88f4	1320048082
sweb.eval.x86_64.django__django-14170	sha256:a3641ca3879a429ab2d9a31a114785c54b667233da2fbefa9e8575e722f45887	1320014214
sweb.eval.x86_64.django__django-14238	sha256:341dd52547da6cf270d6873c1749a3e6e08bed943f7b1d339d346626ef05d588	1320087096
sweb.eval.x86_64.django__django-14311	sha256:e31c8f968fa5691794c0a7f08165ef894048479192e598a8550b254f20ba5b86	1320107292
sweb.eval.x86_64.django__django-14315	sha256:46037647ae0ec7c00b4eb1bb0715083fc4298956b3862aa94058f18470aeb5d2	1320068816
sweb.eval.x86_64.django__django-14349	sha256:4fdd99e63a2eb2d11d2b7c3f69a528a7ec8604eff8cb2ad48d661afcfaa34d60	1320053525
sweb.eval.x86_64.django__django-14351	sha256:001ea007e62c79dc29410b0eaa964de97a763f28cf5109ebdaade1c2db7d5b91	1320101434
sweb.eval.x86_64.django__django-14373	sha256:179ad27920d087c1d312074d4748fcd1546d238bdbabf89006e38274ae0006c2	1320079190
sweb.eval.x86_64.django__django-14376	sha256:f8768972958824c10ff2a280b4988bc663c47cd9b3c89e859e4fbc0812f2cd81	1320052547
sweb.eval.x86_64.django__django-14404	sha256:f106dfb84c9c7719162accce803bac2c8dec9fcfaa59029ecef232b5053c8bb3	1320185419
sweb.eval.x86_64.django__django-14434	sha256:bd879d050694e22a3e2d57e65c9ed90d10f33b8b13c50f190c9b17ac038f5fc7	1320121966
sweb.eval.x86_64.django__django-14493	sha256:1ecbaf5a40893154bd3a605056d6007620f9a7f2d3df21849044af3360ba25d1	1320071142
sweb.eval.x86_64.django__django-14500	sha256:d13e54f1618ea03a8ef38412a02907089441db3273346a04fb0befe129adb2be	1320077226
sweb.eval.x86_64.django__django-14534	sha256:29548d0f7a18dbd34d71cba4589853f6dc6939f3f755bb498c63587b8061fa73	1320162474
sweb.eval.x86_64.django__django-14539	sha256:304ab01db999c83fe636dcf0ad16af1289dc919aa3bf3d1b1b46c772e23aeeaa	1320085389
sweb.eval.x86_64.django__django-14559	sha256:a4089c029eabc322626112d3033e1a9040f4d0544a0952b8db41cd89431c7301	1320149166
sweb.eval.x86_64.django__django-14580	sha256:3d524a81f163b6ecc7a19d1f9d4e73d4a558c669c710d314b26020639cd92aad	1320116218
sweb.eval.x86_64.django__django-14608	sha256:97a9d979c50508322af2e1c61990364ddae9e2eef6156bb33a0399966ac90bb8	1320217865
sweb.eval.x86_64.django__django-14631	sha256:4108e5d5ea55f1957e34cc2e691a5b8711240cd0d6b168aadabfb6abfea4657d	1320190015
sweb.eval.x86_64.django__django-14672	sha256:e2f4c83d9d386ae82071f332007bae453f3c00d1dd8c4b4842a7b35fee187115	1320161511
sweb.eval.x86_64.django__django-14725	sha256:6c3ccec3154cc4adbd4ebe695541f74d90b38d0be389bcb69473d68c27ed1b38	1335633033
sweb.eval.x86_64.django__django-14752	sha256:b03022dbe28cb4bce9ccf5929f33cc6447ccb6be192dd6c63a1006a890476163	1320145826
sweb.eval.x86_64.django__django-14765	sha256:cde3469f841fb7657651fa8662169c7e7be4044367fbddff65a1100349a618f9	1320172520
sweb.eval.x86_64.django__django-14771	sha256:6ff0a1190465783d926070857e39b70b18878a3aa8ca13830426d64c261e8c7d	1335496209
sweb.eval.x86_64.django__django-14787	sha256:8417291d9093e60aaf98c512ad9ba924dcbc6f523bcf5b8553d26a63f63c39c3	1335494714
sweb.eval.x86_64.django__django-14792	sha256:b5bf3e1aeba3c5a62a76610f1bb7e253af6318f34e49149180dfe3aaa904945f	1320147411
sweb.eval.x86_64.django__django-14855	sha256:ddeef81d2eaee1a41f95d98099815e6f216d0d184d69249c47c8f033ea82b163	1320273887
sweb.eval.x86_64.django__django-14915	sha256:15e43c9baaddd9c91a6f732c2b2ef199d999d5fa632829c0e3f1435e1b65eb73	1335510922
sweb.eval.x86_64.django__django-14999	sha256:b64cf9ca99884c99e1d93b3efea0cf234ccfc6bf2fe04ef8537669b5a0599c98	1335542990
sweb.eval.x86_64.django__django-15022	sha256:75d25cc9c71c210e6940a2203903d2998b3125961f20f529ef02f21b27dd4d6e	1335647961
sweb.eval.x86_64.django__django-15037	sha256:31c5a9fb910eacdab72c1d0aed45e763f73adf7bc952c9a8356afa9d804ef986	1335464353
sweb.eval.x86_64.django__django-15098	sha256:ffe49e23d9cbebf1fbb5649326c8ab9192f0cfd5ef10a29212767eeda3a95ec0	1335507147
sweb.eval.x86_64.django__django-15103	sha256:bf258eff6779b0af2960cc794d3609313bfd7a101d1229ec84f1d920f243a156	1335515319
sweb.eval.x86_64.django__django-15104	sha256:6c39dd6ae75bb5dee2c8d0ecca1a4f1bcc87dea9f85408605c6025d934044f26	1335559077
sweb.eval.x86_64.django__django-15127	sha256:ea3a97d1e0c258dd8b18a11942250d0657c631f4909766b433bf77c1487f05a1	1335504884
sweb.eval.x86_64.django__django-15128	sha256:d40c2a9a658f0d99a8c657f0f7424751de0281fa58f57bd17f4404a57bf5c4ca	1335721684
sweb.eval.x86_64.django__django-15161	sha256:b407ea6e00f8619ede466c6b1268684ec1e12c3015dfb8dc106bd4febd1dc325	1335673346
sweb.eval.x86_64.django__django-15252	sha256:9ec674d5f17686bdbed874d6c562acf2ee150230b90fdb20cdef8cb0e1cdf178	1335607550
sweb.eval.x86_64.django__django-15268	sha256:9a7419f1ff253d5321267325f87fe995cd3ccb54e54feb1ea73008a27e70351b	1335610946
sweb.eval.x86_64.django__django-15277	sha256:c577b50a68074d3b01da3e29b392d7155bb1d959a6d5208e1cc5a7a335139f2e	1335656483
sweb.eval.x86_64.django__django-15278	sha256:2d74aced7f2ba4e27089879eb701700d33efddb806338df4694fc7c10481fc77	1335619392
sweb.eval.x86_64.django__django-15280	sha256:cc7a0b822031bfeb37cf9a541894d6af64d61e72210fe08d08a445c9ff11e077	1335638034
sweb.eval.x86_64.django__django-15315	sha256:4f14127ccdf96517c39a0d66966f617e85de4a98358f9a5d03d7fab305be9766	1335649270
sweb.eval.x86_64.django__django-15368	sha256:1ad087d7e1c52f86a03be895d441bb2e8b6422cd7a405847e72fc1ddc7b944d2	1335627977
sweb.eval.x86_64.django__django-15375	sha256:a07aaf61508f92b355aa4effa91cc3cdd0a753fdb84af2f2684f3e9c9be7e202	1335610769
sweb.eval.x86_64.django__django-15380	sha256:8bcd01c78c918fa684cf45c3022e34fdbbbfa547f7970351fa8efe52c71e093d	1335683042
sweb.eval.x86_64.django__django-15382	sha256:9380f8421d88e5b1e39e44905dc107452453edf9a1a06c4f7d8f0af023d5ac85	1335641669
sweb.eval.x86_64.django__django-15467	sha256:2c455823a821f24086066d544a0d4f876a1198494943844d825ebfe039bdf106	1335692556
sweb.eval.x86_64.django__django-15499	sha256:69e62ae268c9b5542642198053791c222af495bdeb977afb076fd7db257fab69	1335647473
sweb.eval.x86_64.django__django-15503	sha256:d82b8378828e4942434aec7acea80f8d952ab0d2f7b4e75a6150fe248b2577fd	1335650833
sweb.eval.x86_64.django__django-15525	sha256:357f4b275cc80b700a4639411bfd6517983d5b7fe2f4045affadb023ab57dd39	1335654741
sweb.eval.x86_64.django__django-15554	sha256:48d6f22c08a101fb9d1806ee3b356d0a2ab29f52a867e879b6676489aede1dad	1336035355
sweb.eval.x86_64.django__django-15561	sha256:1bbf7a61db3366ee03a68393694f43825ec35cccb91123ce0766a25bb5923e9b	1336097891
sweb.eval.x86_64.django__django-15563	sha256:948d16b175c15e2940efdac00aaa42f23199c668be3a1e092a279e851f2b9007	1336034123
